tract_fips,nta_code
36047000700,BK0201
36047000900,BK0201
36047001100,BK0202
36047001300,BK0202
36047002000,BK0702
36047002100,BK0202
36047002200,BK0702
36047002901,BK0203
36047003700,BK0202
36047003900,BK0202
36005014100,BX0301
36005033000,BX1104
36005021100,BX0402
36005004600,BX0902
36005005902,BX0401
36005028100,BX0801
36005022701,BX0502
36005031600,BX1103
36005019500,BX0401
36005028600,BX1102
36005016400,BX1002
36005036800,BX1201
36005006000,BX0601
36005037600,BX1201
36005023301,BX0502
36005004001,BX0903
36005006900,BX0102
36005003100,BX0101
36005039000,BX1201
36005042800,BX1203
36005038800,BX1201
36005005600,BX0901
36005014500,BX0302
36047017700,BK5591
36047017800,BK1102
36047017900,BK0203
36047018000,BK1102
36047018200,BK1101
36047018300,BK0203
36047018501,BK0203
36047018600,BK1101
36047018700,BK0203
36047019000,BK1101
36047019100,BK0204
36047019200,BK1202
36047019600,BK1002
36047019700,BK0204
36047019800,BK1002
36047019900,BK0204
36047020000,BK1002
36047020300,BK0801
36047020400,BK1002
36047020600,BK1002
36047020700,BK0801
36005026300,BX0701
36005029700,BX0803
36005020601,BX1001
36005042000,BX1203
36005015800,BX1002
36005007400,BX0903
36005028800,BX1102
36005022902,BX0403
36005013300,BX0301
36005017100,BX0492
36005045101,BX1203
36005008300,BX0202
36005040400,BX1201
36005046000,BX1202
36005025200,BX1102
36005023501,BX0502
36005036501,BX0602
36005021601,BX0901
36005040304,BX0702
36005022800,BX1101
36005003800,BX0902
36005020400,BX1001
36005003300,BX0101
36005037100,BX0602
36005013100,BX0202
36047020800,BK1002
36047021000,BK1002
36047021400,BK1202
36047021800,BK1202
36047021900,BK0802
36081019400,QN1202
36081020500,QN0202
36081095400,QN1402
36081127700,QN0804
36081042400,QN1205
36081062200,QN1304
36081079702,QN0707
36081030600,QN1306
36081015802,QN1001
36081018102,QN0202
36081012500,QN0101
36081065703,QN0504
36081008500,QN0105
36081026901,QN0401
36081074900,QN0602
36081035700,QN0302
36081006502,QN0103
36081029400,QN1204
36081061301,QN0502
36081072300,QN0602
36081086900,QN0707
36081015801,QN1001
36047101800,BK1803
36047102000,BK1803
36047102600,BK1803
36081018501,QN0202
36047107800,BK0503
36047109800,BK0503
36047112200,BK0503
36047112400,BK0503
36047112600,BK0503
36047112800,BK0503
36047113000,BK0503
36047113200,BK0503
36047114201,BK0471
36047114600,BK0501
36047115200,BK0502
36047115600,BK0502
36047116000,BK0502
36047116400,BK0502
36047117000,BK0501
36047117201,BK0501
36047117202,BK0501
36047117400,BK0501
36047117800,BK0501
36047118000,BK0571
36047118201,BK0501
36047118202,BK0501
36047118400,BK0501
36047118600,BK0505
36047118800,BK0505
36047119200,BK0502
36047119400,BK0502
36047119600,BK0505
36047120000,BK0505
36047120200,BK0505
36047121000,BK0505
36081067100,QN0504
36081053100,QN0501
36081006201,QN1003
36081006501,QN0103
36081018101,QN0202
36047122000,BK0505
36047013000,BK1001
36047017000,BK1102
36047020100,BK0204
36047022200,BK1202
36047121400,BK0505
36047023800,BK1202
36047024700,BK0301
36047027300,BK0302
36047028000,BK1102
36047032600,BK1302
36047034700,BK0802
36047041000,BK1103
36047048600,BK1203
36047052500,BK0102
36047052800,BK1402
36047053800,BK1403
36047054200,BK1403
36047059300,BK0101
36047064600,BK1802
36047075200,BK1403
36047081800,BK1701
36047102200,BK1803
36047113400,BK0502
36047115800,BK0502
36047116600,BK0502
36085029106,SI0204
36085004001,SI0102
36085005902,SI0104
36085007001,SI0201
36081099703,QN0703
36081099704,QN0703
36081099705,QN0761
36081099801,QN1401
36081075702,QN0602
36081079701,QN0707
36081044302,QN0402
36081129103,QN1104
36081129104,QN1104
36081071303,QN0602
36081071304,QN0602
36081071305,QN0602
36081071701,QN0601
36081071702,QN0601
36081075701,QN0602
36081093401,QN1403
36081093402,QN1403
36081038301,QN0707
36047051601,BK1401
36081059502,QN0501
36081059501,QN0502
36081084901,QN0707
36081048302,QN0203
36081066403,QN1307
36081019903,QN0202
36081089201,QN1003
36081053902,QN0502
36047061003,BK1303
36047061004,BK1303
36047069601,BK1802
36047069602,BK1802
36047079801,BK0902
36047079802,BK0902
36047105801,BK0504
36047990100,BK1302
36005022703,BX0403
36005022901,BX0502
36005023000,BX1101
36005023200,BX1101
36005023302,BX0502
36005023502,BX0502
36005023600,BX1101
36005023900,BX0503
36005024000,BX1101
36005024300,BX0501
36005024600,BX1102
36005024700,BX0501
36005024800,BX1102
36005024900,BX0501
36005025000,BX1102
36005025300,BX0701
36005025400,BX1102
36005025500,BX0701
36005025600,BX1102
36005025700,BX0701
36005026100,BX0701
36005026400,BX1002
36005026500,BX0701
36005026601,BX1003
36005026602,BX1003
36005026900,BX0701
36005027300,BX0801
36005027600,BX2891
36005027700,BX0801
36005027900,BX0801
36005028300,BX0802
36005028400,BX1161
36005028500,BX0802
36005028900,BX0802
36005029500,BX0803
36005029600,BX1102
36005030000,BX1003
36005030100,BX0803
36005030701,BX0803
36005031000,BX1103
36005031800,BX1103
36005031900,BX0803
36005032300,BX0803
36005032400,BX1104
36005033400,BX2791
36005034000,BX1104
36005034200,BX1104
36005034300,BX0803
36005034400,BX1103
36005037800,BX1201
36005037900,BX0502
36005038000,BX1201
36005038100,BX0502
36005038500,BX0603
36005038600,BX1202
36005038700,BX0603
36005038900,BX0603
36005039100,BX0603
36005039200,BX1201
36005039300,BX0603
36005039400,BX1201
36005039700,BX0603
36005039902,BX0503
36005040100,BX0701
36005040600,BX1201
36005040701,BX0702
36005040702,BX0702
36005034500,BX0803
36005035000,BX1103
36081018300,QN0202
36081070900,QN0602
36081006900,QN0103
36081015900,QN0104
36081011600,QN0904
36081055100,QN0502
36081048100,QN0401
36081046100,QN0401
36081058500,QN0502
36081023600,QN1201
36081074700,QN0602
36081012100,QN0101
36081014400,QN0902
36081032700,QN0301
36081053800,QN1303
36081050600,QN1206
36081061000,QN1304
36081129102,QN1104
36081027500,QN0301
36081026100,QN0203
36081002000,QN0905
36081120100,QN0705
36081107201,QN1403
36081058700,QN0502
36081010100,QN0101
36081056200,QN1303
36081024600,QN1201
36081016400,QN1001
36081020200,QN1202
36081050202,QN1206
36081059600,QN1304
36081063000,QN1305
36081022002,QN0805
36081085500,QN0707
36081011100,QN0101
36081067900,QN0504
36081012000,QN0903
36081005700,QN0103
36081033700,QN0301
36085024402,SI0305
36085027705,SI0204
36085012806,SI0301
36085017702,SI0203
36085017701,SI0203
36085020805,SI0303
36085018704,SI0203
36085022602,SI0305
36085007002,SI0201
36085020806,SI0303
36085017015,SI0303
36061001501,MN0101
36061001600,MN0301
36061001800,MN0302
36061002201,MN0302
36061002202,MN0303
36061002601,MN0303
36061002602,MN0303
36061002700,MN0301
36061002800,MN0303
36061003001,MN0302
36061003100,MN0102
36061003300,MN0102
36061003601,MN0302
36061003800,MN0303
36061004200,MN0303
36061004300,MN0201
36061004500,MN0201
36061004700,MN0201
36061004900,MN0201
36061005400,MN0501
36061005501,MN0202
36061005600,MN0501
36061005700,MN0202
36061005800,MN0501
36061006100,MN0202
36061006400,MN0602
36061006500,MN0202
36061006700,MN0203
36061006800,MN0602
36061006900,MN0203
36061007100,MN0203
36061007300,MN0203
36047043700,BK0402
36061007600,MN0501
36061007800,MN0603
36061008100,MN0401
36061008400,MN0502
36061008700,MN0401
36061008800,MN0603
36061009000,MN0604
36061009200,MN0604
36061009300,MN0401
36061009400,MN0502
36061009600,MN0502
36061009800,MN0604
36061010000,MN0604
36061010200,MN0502
36061010300,MN0401
36061010400,MN0502
36061011401,MN0802
36061011402,MN0802
36061011500,MN0402
36061011900,MN0502
36061012000,MN0802
36061012400,MN0801
36085017014,SI0303
36085017016,SI0303
36085017013,SI0303
36085018703,SI0203
36085020701,SI0106
36085020702,SI0106
36085009701,SI0104
36085009702,SI0191
36085005901,SI0104
36085029105,SI0204
36085004004,SI0103
36085022601,SI0304
36085004003,SI0103
36085004002,SI0103
36061012700,MN0402
36061012800,MN0802
36061013000,MN0802
36061013300,MN0402
36061013400,MN0801
36061013700,MN0502
36061014000,MN0802
36061014300,MN6491
36061014401,MN0803
36061014500,MN0701
36061014601,MN0803
36061014801,MN0802
36061014802,MN0802
36061014900,MN0701
36061015700,MN0701
36061015801,MN0802
36061015900,MN0701
36061016001,MN0802
36061016100,MN0702
36061016200,MN1191
36061016600,MN1101
36061016700,MN0702
36061016800,MN1101
36061017000,MN1101
36061017100,MN0702
36061017300,MN0702
36061017402,MN1101
36061017500,MN0702
36061017700,MN0702
36061017800,MN1102
36061018100,MN0702
36061018200,MN1102
36061018300,MN0702
36061018400,MN1102
36061018500,MN0703
36061018600,MN1001
36061018800,MN1102
36061019200,MN1102
36061019300,MN0703
36061019400,MN1102
36061019500,MN0703
36061019600,MN1102
36061019701,MN0901
36061019702,MN1001
36061020000,MN1001
36061020102,MN1001
36061020300,MN0901
36061022700,MN0903
36061020600,MN1102
36061020901,MN0901
36061021000,MN1102
36061021100,MN0901
36061021200,MN1002
36061021400,MN1002
36061021703,MN0902
36061021800,MN1001
36061021900,MN0902
36061022102,MN1002
36061022400,MN1002
36061022600,MN1002
36061022800,MN1002
36061022900,MN0903
36061023000,MN1002
36047152200,BK1402
36005009302,BX0201
36005009301,BX0201
36005011701,BX0201
36005051601,BX1003
36005001902,BX0101
36047150200,BK0701
36005002001,BX0902
36005002002,BX0902
36005018501,BX0301
36005001903,BX0101
36005046208,BX1202
36005046207,BX1004
36005043101,BX0703
36005046203,BX1004
36005046209,BX1202
36005048402,BX1202
36005048401,BX1202
36005046205,BX1004
36005006301,BX0401
36005030202,BX1004
36005043102,BX1271
36005030201,BX1004
36005038303,BX0503
36005011702,BX0201
36005018502,BX0301
36005006302,BX0491
36005046204,BX1004
36005046206,BX1004
36005038304,BX0603
36005001901,BX0101
36085014605,SI0302
36085014606,SI0302
36085015100,SI0105
36085015601,SI0302
36085015602,SI0302
36085016901,SI0105
36085014700,SI0105
36085020100,SI0105
36085031902,SI0107
36085000800,SI0103
36085001100,SI0101
36085001700,SI0102
36085002002,SI0201
36085002900,SI0102
36085003300,SI0104
36085017005,SI0304
36085017007,SI0303
36085017300,SI0203
36085017600,SI0304
36061023400,MN1002
36061023501,MN0903
36061023502,MN1002
36061023600,MN1002
36061023900,MN1201
36061024000,MN1191
36061024301,MN1201
36061024302,MN1002
36061024500,MN1201
36061024900,MN1201
36061026300,MN1201
36061026500,MN1202
36061026700,MN1202
36061026900,MN1202
36061027700,MN1202
36061027900,MN1202
36061028500,MN1202
36061029100,MN1203
36061029300,MN1203
36061029500,MN1203
36061029700,MN1292
36061030300,MN1203
36061029900,MN1203
36085003900,SI0104
36085004700,SI0104
36085005000,SI0201
36085006400,SI0201
36085007400,SI0201
36085007500,SI0104
36085008100,SI0101
36085009601,SI0201
36085009602,SI0201
36061010602,MN0801
36061010900,MN0502
36061011000,MN0801
36061011202,MN0502
36061011203,MN0604
36061031100,MN1291
36061005200,MN0501
36061010100,MN0501
36061014700,MN0701
36061015001,MN0802
36085018901,SI0105
36085019700,SI0105
36085020803,SI0304
36085020804,SI0304
36085023100,SI0107
36085023900,SI0107
36061015002,MN0802
36061019100,MN0703
36061022301,MN0902
36085011401,SI0201
36085011402,SI0202
36085012100,SI0104
36085012500,SI0104
36085012804,SI0202
36085013203,SI0302
36085013204,SI0301
36085013302,SI0106
36085013400,SI0202
36085013800,SI0301
36047012600,BK1001
36047027100,BK0302
36047034800,BK1302
36047046000,BK1402
36047105804,BK0504
36005043503,BX2691
36005043501,BX1201
36005033602,BX1201
36085011203,SI0202
36005033601,BX1104
36085022802,SI0291
36085022801,SI0391
36005033802,BX1201
36005033801,BX1104
36005043502,BX1271
36085011204,SI9592
36085014604,SI0302
36085024800,SI0305
36085025100,SI0105
36085027301,SI0204
36085027702,SI0204
36085027900,SI0203
36085029102,SI0204
36085030301,SI0107
36085031901,SI0107
36085032300,SI0107
36085001800,SI9561
36085014100,SI0106
36085024401,SI0305
36005011800,BX1002
36005012102,BX0202
36005012300,BX0303
36005012500,BX0303
36005012701,BX0202
36047076800,BK1403
36047094600,BK1703
36047119800,BK0502
36005040900,BX0702
36005041100,BX0702
36005041300,BX0702
36005041400,BX1203
36005041800,BX1203
36005040800,BX1201
36005041900,BX0703
36005042100,BX0703
36005042200,BX1203
36005042300,BX0703
36005042400,BX1203
36005042500,BX0703
36005042600,BX1202
36005042902,BX0703
36005043000,BX1203
36005035100,BX0803
36005035600,BX1202
36005035800,BX1202
36005035900,BX0601
36005036100,BX0601
36005036300,BX0601
36005036502,BX0602
36005036700,BX0602
36005036902,BX0602
36005043600,BX1203
36005044200,BX1203
36005044800,BX1203
36005045102,BX1203
36005045800,BX1202
36005037200,BX1201
36005037000,BX1201
36005037300,BX0602
36005037400,BX1201
36005004100,BX0101
36005011900,BX0202
36005024400,BX1102
36005031200,BX1103
36005031400,BX1103
36005032800,BX1104
36005039800,BX1201
36047088400,BK1704
36047088600,BK1704
36047089000,BK1704
36047089200,BK1704
36047089400,BK1602
36047089600,BK1602
36047004500,BK0601
36047004700,BK0601
36047004900,BK0601
36047005400,BK1001
36047005900,BK0601
36047006000,BK1001
36047006300,BK0601
36047006400,BK1001
36047006500,BK0601
36047006600,BK1001
36047006700,BK0601
36047006800,BK1001
36047007000,BK1001
36047007100,BK0601
36047007200,BK0702
36047007500,BK0601
36047008400,BK0702
36081038302,QN8191
36047008500,BK0601
36047008600,BK0703
36047008800,BK0703
36047009600,BK0703
36047009800,BK0703
36047010000,BK0703
36047010100,BK0702
36047011000,BK1201
36047011200,BK1201
36047011400,BK1201
36047011600,BK1201
36047011700,BK0601
36047012000,BK1002
36047012100,BK0601
36047012700,BK0601
36047012901,BK0602
36047012902,BK0602
36047013100,BK0602
36047013200,BK1002
36047013400,BK1001
36047013600,BK1001
36047013700,BK0602
36047013800,BK1001
36081044400,QN1201
36081058200,QN1303
36081108500,QN1101
36081109300,QN1102
36081141700,QN1101
36081006202,QN1003
36061016900,MN0702
36061016400,MN1101
36081036500,QN0302
36081036600,QN1205
36081035800,QN1305
36081036700,QN0302
36081036800,QN1205
36081065401,QN1307
36081065402,QN1306
36081037100,QN0302
36081037300,QN0302
36081037600,QN1205
36081038100,QN0303
36081007700,QN0102
36081008600,QN1002
36081008700,QN0102
36081008800,QN1002
36081007900,QN0102
36081008100,QN0102
36081008300,QN0102
36081009100,QN0102
36081009400,QN1001
36081009500,QN0101
36081009600,QN1001
36081009800,QN1001
36081009900,QN0191
36081034700,QN0302
36081035200,QN1205
36081035300,QN0302
36081026501,QN0401
36081037502,QN0303
36081089202,QN1091
36081027301,QN0301
36081000104,QN0201
36081027101,QN0401
36081040702,QN0303
36081040302,QN0303
36081040102,QN0303
36081027302,QN0301
36081040902,QN0303
36081043900,QN0402
36081044000,QN1202
36081044601,QN1201
36081007500,QN0103
36081006300,QN0103
36081007100,QN0103
36081010000,QN1001
36081010300,QN0101
36081010500,QN0101
36081010600,QN1001
36081010701,QN0101
36081011000,QN0903
36081011200,QN0904
36081011300,QN0101
36081010200,QN1001
36081011500,QN0101
36081011700,QN0101
36081011800,QN0903
36081012200,QN0902
36081012301,QN0101
36081012400,QN0902
36081012602,QN0902
36081013200,QN0902
36081013400,QN0901
36081013500,QN0101
36081013600,QN0901
36081013700,QN0101
36081013800,QN0901
36081014000,QN0901
36081014202,QN0902
36081014500,QN0104
36081015000,QN0903
36081015200,QN0903
36081015400,QN0903
36081015500,QN0104
36081015600,QN0903
36081015700,QN0104
36081014700,QN0104
36081014800,QN0903
36081014900,QN0104
36081018502,QN0202
36081016300,QN0104
36081016600,QN1001
36081016800,QN1001
36081016900,QN0202
36081017000,QN1001
36081066402,QN1307
36081017200,QN1001
36081017400,QN1001
36081017600,QN1001
36081018000,QN1001
36081025301,QN0202
36081018200,QN1203
36081025302,QN0202
36081097205,QN1402
36081066404,QN1306
36081033403,QN1204
36081033404,QN1204
36081000102,QN0201
36081053501,QN0501
36081026502,QN0203
36081048301,QN0401
36081039902,QN0303
36047070601,BK1802
36047088002,BK1703
36047070602,BK1892
36047006901,BK0202
36047006902,BK0601
36047033701,BK0802
36047033702,BK0901
36047088001,BK0902
36081018401,QN1203
36081018700,QN0202
36081018402,QN1203
36081018600,QN1203
36081018800,QN1203
36081026902,QN0401
36081019200,QN1203
36081030903,QN0301
36081019600,QN1202
36081018900,QN0202
36081019000,QN1203
36081020400,QN1201
36081020600,QN1201
36081020800,QN1201
36081021200,QN1201
36081021400,QN0805
36081021900,QN0501
36081022001,QN0805
36081022900,QN0271
36081023000,QN0805
36081043701,QN0402
36081061302,QN0572
36081071306,QN0602
36081077906,QN0801
36081057900,QN0503
36081058000,QN1303
36081058100,QN0502
36081058900,QN0502
36081090700,QN0701
36081092800,QN1403
36081091602,QN8492
36081091800,QN8492
36081092200,QN1403
36081093800,QN1403
36081049301,QN0501
36081049302,QN0501
36081049500,QN0501
36081049600,QN1303
36081049700,QN0501
36081049900,QN0401
36081060100,QN0501
36081059100,QN0502
36081059200,QN1304
36081059300,QN0502
36081059400,QN1304
36081059800,QN1304
36081059900,QN0501
36081060000,QN1304
36081060600,QN1304
36081060701,QN0571
36081060800,QN1304
36081061400,QN1304
36081061602,QN1307
36085007700,SI0101
36085002700,SI0102
36085003600,SI0103
36085018701,SI0105
36085015400,SI9593
36085000900,SI0101
36085012200,SI0202
36085011201,SI0202
36085030302,SI0107
36085024700,SI0106
36061019900,MN0901
36085006700,SI0104
36085014608,SI0302
36085017011,SI0302
36061009700,MN0401
36061001502,MN0101
36061013900,MN0402
36061008300,MN0401
36061003602,MN0303
36061005502,MN0202
36061019800,MN1102
36061018700,MN0703
36061016500,MN0702
36061012500,MN0502
36061020800,MN1002
36085013201,SI0301
36085027704,SI0204
36085027302,SI0203
36085029104,SI0204
36085017009,SI0304
36085018902,SI0203
36085021300,SI0106
36085010500,SI0104
36085000700,SI0101
36085002001,SI0103
36061011600,MN0801
36061016002,MN1101
36061030700,MN1203
36061004800,MN0602
36061023200,MN1002
36061009100,MN0401
36061006600,MN0603
36061007700,MN0203
36061011201,MN0502
36061017401,MN1101
36061015602,MN1101
36061018000,MN1102
36061008000,MN0603
36061020101,MN0901
36061022200,MN1001
36061013800,MN0803
36061007400,MN0501
36061003200,MN0303
36061026100,MN1201
36061022500,MN0903
36061004100,MN0201
36061002100,MN0102
36061001402,MN0302
36061028100,MN1202
36085017012,SI0302
36061017200,MN1101
36061011300,MN0502
36061019000,MN1001
36061009500,MN0501
36061027300,MN1202
36061005900,MN0202
36061014602,MN0803
36061006300,MN0202
36061025100,MN1201
36061017900,MN0702
36061011800,MN0801
36061003400,MN0303
36061018900,MN0703
36061003002,MN0303
36061013100,MN0502
36061008200,MN0502
36061020701,MN0901
36061008900,MN0401
36061002500,MN0301
36061011100,MN0401
36061005000,MN0602
36061000800,MN0301
36061015802,MN1101
36061014200,MN0802
36061007200,MN0603
36061021500,MN1002
36061025900,MN1002
36085013301,SI0104
36061012200,MN0802
36061014402,MN0803
36061015601,MN0803
36061021600,MN1001
36061022000,MN1001
36061025300,MN1201
36061027100,MN1202
36061028300,MN1202
36061000201,MN0301
36061000500,MN0191
36061000600,MN0301
36061001200,MN0302
36061001300,MN0101
36061001401,MN0302
36005006500,BX0102
36005020200,BX1001
36005015700,BX0303
36005005200,BX0901
36085012805,SI0301
36085019800,SI0304
36085014607,SI0302
36005006100,BX0401
36005006400,BX0901
36005006700,BX0102
36005006800,BX0901
36005007000,BX0901
36005007100,BX0102
36005007300,BX0102
36005007500,BX0102
36005007700,BX0102
36005007800,BX0903
36005007900,BX0102
36005008400,BX0903
36005019700,BX0401
36047114400,BK0502
36005019900,BX0402
36005020100,BX0402
36047015200,BK1001
36005021200,BX0904
36005021301,BX0501
36005021302,BX0403
36005021501,BX0501
36005021502,BX0501
36005021602,BX0904
36005021800,BX0901
36005021900,BX0403
36005022000,BX0601
36047056100,BK0101
36005022300,BX0403
36005022401,BX1101
36005022500,BX0403
36005022702,BX0403
36047092400,BK1602
36005036901,BX0602
36047000501,BK0201
36005036400,BX1202
36005007200,BX0903
36005012101,BX0303
36047035601,BK1302
36005005400,BX0901
36047050801,BK1401
36005002701,BX0101
36005006200,BX0901
36005028700,BX0802
36047051001,BK1401
36005023100,BX0502
36005024100,BX0502
36047051602,BK1401
36047079601,BK0902
36047079602,BK1401
36005038200,BX1201
36005039600,BX1201
36005041500,BX0702
36005042901,BX0703
36005044901,BX1203
36005000100,QN0151
36005000400,BX0902
36005001600,BX0902
36005008500,BX0202
36005013000,BX1002
36005013500,BX0301
36005014300,BX0401
36005014400,BX1002
36005014900,BX0301
36005015100,BX0301
36005015500,BX0303
36005016100,BX0303
36005016200,BX1002
36005016300,BX0391
36005016500,BX0302
36005008900,BX0201
36047093200,BK1702
36005009200,BX0903
36047110400,BK0503
36005009800,BX0903
36047016600,BK1002
36005008600,BX0903
36005008700,BX0202
36005011000,BX1091
36005011502,BX0201
36047111600,BK0503
36047030500,BK0802
36005002300,BX0101
36005002400,BX0991
36005002500,BX0101
36005002702,BX0101
36005002800,BX0901
36005003500,BX0101
36005003700,BX0101
36005003900,BX0101
36005004300,BX0101
36005004400,BX0901
36005004800,BX0901
36005016700,BX0302
36005016900,BX0302
36005017300,BX0401
36005016600,BX1002
36005017500,BX0401
36005018400,BX1002
36005018900,BX0402
36005019300,BX0402
36005019400,BX1002
36047079202,BK1701
36047079001,BK1401
36047079002,BK1701
36047003101,BK0203
36047078801,BK1401
36047078601,BK1401
36047078602,BK1702
36047014102,BK0701
36047014101,BK0602
36047014901,BK0602
36047014902,BK0701
36047059403,BK1503
36047059404,BK1503
36047102801,BK1803
36047078802,BK1702
36047009402,BK1201
36047009202,BK1201
36047009201,BK0703
36047009002,BK1201
36047044902,BK0104
36047079201,BK1401
36047001501,BK0202
36047044901,BK0104
36047049301,BK0104
36047049302,BK0104
36047035301,BK0802
36047035302,BK0901
36047035101,BK0802
36047035102,BK0901
36047034901,BK0802
36047034902,BK0901
36047056302,BK0101
36047056301,BK0101
36047120802,BK0505
36047103402,BK1893
36047103401,BK1803
36047031402,BK1391
36047031401,BK1391
36047003102,BK0203
36047050001,BK0701
36047058902,BK0101
36047010601,BK0703
36047053102,BK0103
36047050402,BK1203
36047009001,BK0703
36047102802,BK1893
36047107003,BK0504
36047011902,BK0601
36047001502,BK0202
36047011901,BK0601
36047035702,BK0891
36047107001,BK0504
36047050401,BK0701
36047057902,BK0101
36047010401,BK0703
36047009401,BK0703
36047120803,BK0505
36047057901,BK0101
36047050002,BK1203
36047035701,BK0802
36047010402,BK1201
36047010801,BK0703
36047010602,BK1201
36047010802,BK1201
36047058901,BK0101
36047120801,BK0505
36047107002,BK5693
36047053101,BK0103
36081051500,QN0501
36081051600,QN1303
36081051700,QN0501
36081050000,QN1206
36081051800,QN1205
36081052100,QN0501
36081052200,QN1205
36081050201,QN1206
36081050500,QN0504
36081050700,QN0504
36081050800,QN1206
36081051000,QN1206
36081051100,QN0501
36081051300,QN0501
36081080301,QN0706
36081080302,QN0706
36081080900,QN0801
36081081400,QN1001
36081081800,QN1001
36081052400,QN1205
36081052800,QN1205
36081053000,QN1205
36081061800,QN1305
36081061900,QN0504
36081062000,QN1305
36081062100,QN0504
36081062400,QN1371
36081062600,QN1305
36081062700,QN0503
36061030900,BX0802
36061012101,MN0402
36061010803,MN0604
36061010802,MN0604
36061015403,MN0803
36061015402,MN0803
36061004001,MN0303
36061013604,MN0803
36061013203,MN0801
36061013602,MN0803
36081062900,QN0503
36081083700,QN0706
36081083800,QN1001
36081084000,QN1001
36081084500,QN0705
36081084601,QN1001
36081053401,QN1304
36081000701,QN0201
36081053601,QN1303
36081054000,QN1303
36081040701,QN0402
36081001901,QN0201
36081017902,QN0202
36081023502,QN0202
36081049201,QN0804
36081097207,QN1491
36081047802,QN1206
36081049202,QN1303
36081063700,QN0503
36081063800,QN1307
36081063900,QN0503
36081064101,QN0905
36081064102,QN8291
36081063301,QN0503
36081063302,QN0503
36081063500,QN0503
36081064500,QN0602
36081064600,QN1305
36081065000,QN1305
36081084602,QN1001
36081086100,QN0705
36081086300,QN0704
36081086400,QN1001
36081086500,QN0707
36081087100,QN0707
36081088400,QN1003
36081054500,QN0502
36081054200,QN1303
36081054700,QN0502
36081054800,QN1303
36081065600,QN1307
36081065702,QN0504
36081065900,QN0504
36081066000,QN1307
36081047600,QN0804
36081047900,QN0401
36081048500,QN0401
36081048900,QN0203
36081055900,QN0502
36081056100,QN0574
36081056500,QN0503
36081056700,QN0503
36081055200,QN1303
36081055300,QN0502
36081055400,QN1303
36081055500,QN0502
36081055700,QN0502
36081055800,QN1303
36081056800,QN1303
36081057700,QN0503
36081066501,QN0504
36081067700,QN0504
36081068000,QN1306
36081068200,QN1305
36081068700,QN0601
36081069000,QN1306
36081116302,QN0704
36081003302,QN0105
36081000103,QN0201
36081116301,QN0704
36081047801,QN0804
36081021603,QN0901
36081000702,QN0201
36081019902,QN0202
36081001902,QN0201
36081120702,QN0705
36081019901,QN0202
36081053502,QN0501
36081017901,QN0202
36081023501,QN0202
36081030906,QN0301
36081030905,QN0301
36081027702,QN0301
36081101004,QN1401
36081101003,QN1401
36081097206,QN1402
36081100803,QN1401
36081100804,QN1401
36081155103,QN1301
36081066401,QN1307
36081033405,QN1204
36081155104,QN1301
36081025402,QN1202
36081025401,QN1202
36081028803,QN1203
36081028802,QN1203
36081069300,QN0601
36081069400,QN1306
36081069500,QN0601
36081069701,QN0601
36081138501,QN1102
36081138502,QN1191
36081143500,QN1102
36081144100,QN1102
36081144700,QN1102
36081145101,QN1101
36081145102,QN1101
36081139900,QN1102
36081140901,QN1101
36081140902,QN1101
36081142900,QN1101
36081146300,QN1101
36081146700,QN1102
36081147100,QN1102
36081147900,QN1103
36081148300,QN1103
36081150701,QN1103
36081071600,QN8381
36081069702,QN0601
36081070700,QN0602
36081071100,QN0602
36081072900,QN0602
36081073900,QN0602
36081074300,QN0602
36081074500,QN0602
36081076902,QN0602
36081073100,QN0602
36081073700,QN0602
36081077300,QN0901
36081077500,QN0901
36081077902,QN0801
36081077903,QN0801
36081077905,QN0801
36081078800,QN1203
36081079200,QN1203
36081079300,QN0871
36081079900,QN0706
36081150702,QN1103
36081152901,QN1103
36081152902,QN1103
36081155101,QN1301
36081156700,QN1302
36081157101,QN1302
36081157901,QN1301
36081157902,QN1301
36081157903,QN1301
36081161700,QN1302
36081162100,QN1302
36081037900,QN0303
36081048200,QN1206
36081048400,QN1206
36081037501,QN0402
36081040901,QN0402
36081120701,QN0705
36081066301,QN0504
36081088902,QN0707
36081088903,QN0704
36081040502,QN0303
36081040501,QN0402
36081040301,QN0402
36081039901,QN0402
36081040101,QN0402
36081134701,QN0803
36081134702,QN0803
36081028801,QN1203
36081084902,QN0707
36081066302,QN0504
36081122703,QN0802
36081122704,QN0802
36081021602,QN0901
36081027102,QN0401
36081046902,QN0401
36081046901,QN0401
36081119300,QN0705
36081119900,QN0705
36081120500,QN0705
36081121500,QN0706
36081122300,QN0803
36081119500,QN0705
36081122702,QN0802
36081124100,QN0802
36081125700,QN0802
36081126500,QN0802
36081126700,QN0802
36081128300,QN0891
36081130100,QN1302
36081056600,QN1303
36081115100,QN0704
36081120300,QN0705
36081066100,QN0504
36081079000,QN1203
36081103300,QN0702
36081133300,QN0803
36081134100,QN0803
36081136700,QN1104
36081101002,QN1401
36081101700,QN0703
36081115500,QN0704
36081094201,QN1402
36081094202,QN1402
36081001903,QN0201
36081053901,QN0502
36081117100,QN0704
36081116100,QN0707
36081116700,QN0704
36081117500,QN0704
36081118100,QN1101
36081119100,QN0705
36081017102,QN0161
36081017101,QN0261
36081027701,QN0301
36081003301,QN0105
36081091603,QN1403
36081091604,QN8492
36081000101,QN0201
36081021601,QN0901
36081085700,QN0707
36081062300,QN0503
36081045900,QN0401
36081111300,QN1102
36081140300,QN1102
36081005200,QN0904
36081019800,QN1202
36081071900,QN0602
36081026400,QN1202
36081014100,QN0104
36081001400,QN0905
36081052600,QN1205
36081009700,QN0101
36081115900,QN0704
36081026700,QN0401
36081010400,QN1001
36081012601,QN0902
36081036100,QN0302
36081040000,QN1205
36081045200,QN0805
36081048000,QN1206
36081051200,QN1303
36081053200,QN1205
36081059000,QN1304
36081060300,QN0501
36081063200,QN1305
36081066701,QN0501
36081070300,QN0601
36081076901,QN0602
36081085300,QN0707
36081041300,QN0402
36081065501,QN0573
36081077904,QN0801
36081114700,QN0704
36081001600,QN0905
36081014201,QN0902
36081113300,QN1101
36081115700,QN0704
36081118500,QN0705
36081118700,QN0705
36081121100,QN0791
36081137700,QN1104
36081145900,QN1101
36081157102,QN1302
36081000400,QN0905
36081000600,QN0905
36081000800,QN0905
36081001000,QN0905
36081001200,QN0905
36081001800,QN0905
36081002200,QN0905
36081002400,QN0902
36081002500,QN0105
36081002600,QN0902
36081002800,QN0902
36081003000,QN0905
36081003100,QN0105
36081003200,QN0904
36081056400,QN1303
36081052000,QN1205
36081027600,QN1203
36081046000,QN1201
36081010800,QN0903
36081092500,QN0701
36081066900,QN0501
36081023200,QN0805
36081085900,QN0707
36081005100,QN0105
36081124700,QN0802
36081015300,QN0104
36081015100,QN0104
36081011400,QN0904
36081042600,QN1205
36081038400,QN1205
36081061601,QN1305
36081005500,QN0105
36081028300,QN0301
36081054900,QN0502
36081024700,QN0203
36081016100,QN0104
36081017800,QN1001
36081004002,QN1002
36081052500,QN0501
36081045700,QN0401
36081062500,QN0503
36081012800,QN0902
36081000200,QN0905
36081005900,QN0103
36081014300,QN0104
36081056000,QN1303
36081058300,QN0502
36081072100,QN0602
36081007300,QN0103
36081004401,QN1002
36081033401,QN1204
36081061200,QN1304
36081028500,QN0301
36081133900,QN0803
36081023800,QN1201
36081074100,QN0602
36081118900,QN0705
36081013000,QN0902
36081099701,QN0703
36081011900,QN0101
36081035100,QN0301
36081050400,QN1205
36081043200,QN1205
36081055600,QN1303
36081025900,QN0203
36081091900,QN0701
36081036300,QN0302
36081037700,QN0303
36081068300,QN0401
36061025700,MN1001
36061024200,MN1102
36047000502,BK0201
36047035602,BK1302
36047037401,BK1301
36047037402,BK1301
36047050803,BK1401
36047050804,BK1401
36047051002,BK1401
36047065200,BK1802
36047068800,BK1801
36047069200,BK1801
36047065800,BK1802
36047066000,BK1802
36047066200,BK1802
36047066600,BK1891
36047067200,BK1801
36047067400,BK1801
36047067600,BK1801
36047068000,BK1801
36047068200,BK1801
36047070000,BK1802
36047070201,BK1802
36047070202,BK5691
36047072000,BK1801
36047072200,BK1801
36047072400,BK1801
36047072600,BK1801
36047073200,BK1801
36047022000,BK1202
36047022400,BK1202
36047022600,BK1202
36047022700,BK0301
36047022800,BK1202
36047023000,BK1202
36047023100,BK0204
36047023300,BK0301
36047023400,BK1202
36047023500,BK0301
36047023600,BK1202
36047022100,BK0802
36047024000,BK1202
36047024200,BK1202
36047024400,BK1204
36047024500,BK0301
36047024600,BK1204
36047024800,BK1101
36047024900,BK0301
36047025000,BK1101
36047025100,BK0301
36047025200,BK1101
36047025300,BK0301
36047025600,BK1101
36047025700,BK0301
36047025901,BK0301
36047026000,BK1101
36047035000,BK1302
36047035400,BK1302
36047035500,BK0901
36047035900,BK0802
36047073400,BK1801
36047075600,BK1403
36047073600,BK1801
36047074000,BK1801
36047074400,BK1801
36047074600,BK1801
36047074800,BK1403
36047075800,BK1403
36047076000,BK1403
36047076200,BK1403
36047076600,BK1401
36047077000,BK1401
36047095800,BK1803
36047096000,BK1803
36047096200,BK1803
36047096400,BK1803
36047096800,BK1803
36047097000,BK1803
36047097400,BK1803
36047098400,BK1803
36047098600,BK1803
36047099000,BK1803
36047099400,BK1803
36047099800,BK1803
36047100400,BK1803
36047100800,BK1803
36047101000,BK1803
36047101200,BK1803
36047101400,BK1803
36047101600,BK1803
36085027706,SI0204
36085018100,SI0203
36047026200,BK1101
36047026300,BK0301
36047026400,BK1101
36047026600,BK1101
36047026700,BK0301
36047027000,BK1101
36047027200,BK1101
36047027400,BK1101
36047027500,BK0302
36047027600,BK1101
36047027700,BK0302
36047027800,BK1101
36047028100,BK0302
36047028400,BK1101
36047028502,BK0302
36047028600,BK1102
36047028700,BK0302
36047028800,BK1101
36047029000,BK1101
36047029100,BK0302
36047029200,BK1102
36047029300,BK0302
36047029700,BK0302
36047029800,BK1103
36047029900,BK0302
36047030000,BK1103
36047037000,BK1301
36047037100,BK1601
36047037300,BK1601
36047036001,BK1303
36047037500,BK0302
36047037700,BK0302
36047037900,BK0302
36047036200,BK1303
36047036400,BK1303
36047036501,BK1601
36047036502,BK1601
36047036600,BK1303
36047036900,BK1601
36047038200,BK1301
36047038600,BK1501
36047038700,BK0302
36047038800,BK1501
36047038900,BK0401
36047039000,BK1501
36047039100,BK0401
36047039300,BK0401
36047077200,BK1401
36047077400,BK1401
36047077600,BK1801
36047078200,BK1702
36047058400,BK1501
36047007700,BK0601
36047046201,BK1402
36047036700,BK1601
36047003000,BK1001
36047030400,BK1103
36047030600,BK1301
36047030700,BK0802
36047030100,BK1601
36047030800,BK1301
36047031100,BK0802
36047031500,BK0802
36047031701,BK0802
36047030200,BK1103
36047031900,BK0901
36047032300,BK0901
36047032700,BK0902
36047032800,BK1302
36047033000,BK1302
36047033100,BK0901
36047033500,BK0901
36047033600,BK1302
36047033900,BK0802
36047034100,BK0802
36047034200,BK1302
36047034300,BK0802
36047034500,BK0802
36047040300,BK0402
36047040500,BK0402
36047041100,BK0402
36047041200,BK1103
36047039500,BK0402
36047041300,BK0402
36047039600,BK1501
36047039700,BK0402
36047039800,BK1501
36047039900,BK0402
36047040000,BK1103
36047040200,BK1103
36047041401,BK1501
36047041500,BK0402
36047041600,BK1501
36047041800,BK1501
36047041900,BK0402
36047042100,BK0401
36047042300,BK0401
36047042500,BK0401
36047042600,BK1103
36047042700,BK0401
36047042800,BK1103
36047042900,BK0401
36047043000,BK1101
36047043100,BK0401
36047039200,BK1501
36047041402,BK1501
36047021200,BK1002
36047019400,BK1002
36047117602,BK0501
36047041700,BK0402
36047089800,BK1602
36047072800,BK1801
36047036002,BK1303
36047098800,BK1803
36047059600,BK1503
36047058200,BK1501
36047068600,BK1802
36047025400,BK1101
36047032100,BK0901
36047081600,BK1701
36047019500,BK0204
36047044800,BK1204
36047007400,BK0702
36047043200,BK1101
36047043300,BK0402
36047043400,BK1101
36047043500,BK0402
36047043900,BK0402
36047044000,BK1204
36047044100,BK0401
36047044200,BK1204
36047044300,BK0401
36047044400,BK1204
36047044500,BK0401
36047044600,BK1204
36047045000,BK1204
36047045200,BK1204
36047045300,BK0104
36047045400,BK1204
36047079400,BK1701
36047080400,BK0902
36047080600,BK0902
36047048200,BK1402
36047007800,BK0702
36047028501,BK0302
36047026100,BK0301
36047067800,BK1801
36047075400,BK1403
36047018100,BK0203
36047080200,BK0902
36047083800,BK1702
36047055100,BK0102
36047019300,BK0204
36047086800,BK1703
36047099600,BK1803
36047042000,BK1501
36047020200,BK1002
36047065400,BK1802
36047040400,BK1103
36047004100,BK0202
36047032900,BK0902
36047013900,BK0602
36047002300,BK0202
36047016000,BK1001
36047036300,BK1601
36047092800,BK1704
36047012801,BK1002
36047046800,BK1204
36047047000,BK1202
36047045800,BK1204
36047046202,BK1204
36047046400,BK1204
36047047400,BK1202
36047047600,BK1202
36047047700,BK0104
36047047800,BK1202
36047048000,BK1402
36047048100,BK0104
36047081400,BK1703
36047082000,BK1701
36047082200,BK1701
36047082600,BK1701
36047082800,BK1701
36047083000,BK1702
36047083200,BK1702
36047083400,BK1702
36047057400,BK1502
36047102400,BK1803
36047048400,BK1203
36047024100,BK0301
36047026500,BK0301
36047029500,BK0302
36047015100,BK0602
36047021700,BK0802
36047055800,BK1502
36047007600,BK0702
36047012200,BK0703
36047010200,BK0703
36047040900,BK0402
36047116800,BK0501
36047096600,BK1803
36047042200,BK1501
36047073800,BK1801
36047054600,BK1403
36047017600,BK1102
36047028200,BK1102
36047031300,BK0802
36047081000,BK0902
36047085800,BK1703
36047013500,BK0602
36047032500,BK0901
36047049400,BK1203
36047048800,BK1203
36047049000,BK1203
36047049200,BK1203
36047049600,BK1203
36047049700,BK0104
36047049800,BK1203
36047049900,BK0101
36047050100,BK0104
36047051300,BK0102
36047040700,BK0471
36047014300,BK0702
36047018400,BK1101
36047029600,BK1103
36047028300,BK0302
36047076400,BK1402
36047015500,BK0602
36047021300,BK0901
36047038100,BK0302
36047114202,BK0501
36047003600,BK1001
36047008000,BK0702
36047093800,BK1703
36047064800,BK1802
36047025902,BK0301
36047034000,BK1302
36047086600,BK1703
36047110600,BK0503
36047117601,BK0501
36047059402,BK1503
36047043600,BK1101
36047057200,BK1503
36047050202,BK0701
36047050500,BK0104
36047050600,BK1402
36047050700,BK0103
36047051100,BK0104
36047051200,BK1401
36047075000,BK1403
36047018800,BK1101
36047025800,BK1101
36047049500,BK0104
36047088800,BK1704
36047011800,BK0703
36047053200,BK1403
36047022900,BK0301
36047040100,BK0402
36047112000,BK0503
36047058600,BK1503
36047005800,BK1001
36047014000,BK1002
36047014800,BK1002
36047064200,BK1502
36047030900,BK0802
36047082400,BK1701
36047021500,BK0801
36047038500,BK0302
36047094402,BK1801
36047024300,BK0301
36047033300,BK0901
36047003500,BK0203
36047051400,BK1401
36047052600,BK1402
36047051500,BK0102
36047051700,BK0102
36047051800,BK1402
36047051900,BK0102
36047052000,BK1402
36047052300,BK0102
36047052700,BK0102
36047052900,BK0103
36047053000,BK1403
36047053300,BK0103
36047053400,BK1403
36047053500,BK0103
36047067000,BK1802
36047025500,BK0301
36047029400,BK1103
36047027900,BK0302
36047062600,BK1503
36047005100,BK0601
36047111800,BK0503
36047021600,BK1202
36047020500,BK0801
36047015700,BK0602
36047003300,BK0203
36047040800,BK1103
36047050900,BK0103
36047026900,BK0301
36047045600,BK1204
36047100600,BK1803
36047040600,BK1103
36047084800,BK1703
36047056000,BK1502
36047023200,BK1202
36047091600,BK1602
36047048900,BK0104
36047013300,BK0602
36047054500,BK0103
36047006200,BK1001
36005014701,BX0302
36005017901,BX0401
36005018301,BX0401
36005022102,BX0403
36005023703,BX0503
36005026702,BX0801
36005033201,BX1104
36005040303,BX0702
36005021700,BX0501
36005023702,BX0503
36005040302,BX0702
36005007600,BX0901
36005015900,BX0202
36005005001,BX0901
36047053700,BK0103
36047054700,BK0102
36047054800,BK1502
36047053900,BK0103
36047054300,BK0261
36047054400,BK1403
36047054900,BK0102
36047055000,BK1502
36047055300,BK0102
36047055400,BK1501
36047055500,BK0102
36047055600,BK1501
36047055700,BK0102
36047056200,BK1502
36047056400,BK1502
36047008200,BK0702
36047028900,BK0302
36047026800,BK1101
36047078400,BK1702
36047057100,BK0101
36047086200,BK1703
36047111000,BK0503
36047004300,BK0202
36047030300,BK1601
36047031702,BK0802
36047036100,BK1601
36047038300,BK0302
36047039400,BK1501
36047042400,BK1103
36047043800,BK1204
36047044700,BK0401
36047047200,BK1202
36047049100,BK0104
36047050300,BK0104
36047055200,BK1502
36047056500,BK0101
36047057500,BK0101
36047057600,BK1502
36047056600,BK1502
36047056800,BK1502
36047056900,BK0101
36047057000,BK1503
36047057300,BK0101
36047057800,BK1502
36047058000,BK1502
36047058800,BK1501
36047059000,BK1503
36047083600,BK1702
36047084000,BK1702
36047085000,BK1703
36047085200,BK1771
36047085400,BK1771
36047090000,BK1602
36047092000,BK1602
36047090200,BK1602
36047090600,BK1602
36047090800,BK1602
36047091000,BK1602
36047091800,BK1602
36047092200,BK1602
36047093000,BK1704
36047093400,BK1704
36047093600,BK1703
36047059200,BK1503
36047060600,BK1503
36047063200,BK1503
36047065600,BK1802
36047059100,BK0101
36047069000,BK1801
36047073000,BK1801
36047074200,BK1801
36047078000,BK1702
36047080000,BK0902
36047084600,BK1702
36047087200,BK1703
36047091200,BK1602
36047098200,BK1803
36047099200,BK1803
36047115000,BK0502
36047116200,BK0502
36047119000,BK0505
36047000100,BK0201
36047000200,BK0702
36047000301,BK0201
36047014200,BK1001
36047014500,BK0702
36047014700,BK0702
36047015000,BK1002
36047015300,BK0602
36047015400,BK1091
36047015900,BK0602
36047016100,BK0801
36047016200,BK1001
36047016300,BK0801
36047016400,BK1061
36047016500,BK0602
36047016700,BK0602
36047016800,BK1102
36047016900,BK0701
36047017100,BK0701
36047017200,BK1102
36047017400,BK1102
36047017500,BK0771
36047085600,BK1701
36047086000,BK1703
36047086400,BK1703
36047087000,BK1703
36047087401,BK0902
36047087600,BK0902
36047087800,BK1703
36047088200,BK1704
36047059800,BK1503
36047061200,BK1503
36047060000,BK1503
36047060800,BK1503
36047061600,BK1503
36047062200,BK1503
36047062800,BK1503
36047063600,BK1802
36047063800,BK1891
36047064000,BK1802
36047064400,BK1802
36047065000,BK1801
36047094401,BK1801
36047095000,BK1803
36047095400,BK1803
36047095600,BK1803
36005044902,BX1203
36005025100,BX0501
36005022404,BX1101
36005039901,BX0701
36005023704,BX0503
36005015300,BX0303
36061021303,MN0902
36061023100,MN0903
36005018102,BX0401
36005020502,BX0501
36005022101,BX0403
36005024501,BX0501
36005027401,BX1003
36005029302,BX0803
36005038301,BX0503
36005040501,BX0702
36005032600,BX1103
36005005002,BX0901
36005012901,BX0202
36005015200,BX1002
36005014702,BX0302
36005017701,BX0401
36005017702,BX0403
36005017902,BX0403
36005018101,BX0401
36005018302,BX0401
36005020501,BX0501
36005021001,BX0904
36005021002,BX0904
36005022403,BX1101
36005024502,BX0501
36005026701,BX0801
36005033202,BX1104
36005040502,BX0702
36005020000,BX1001
36005033500,BX0803
36005033700,BX0803
36005034800,BX1103
36005036000,BX1103
36005039500,BX0602
36005043400,BX1203
36005044400,BX1203
36005004200,BX0902
36005005100,BX0101
36005009600,BX1001
36005020900,BX0403
36005022200,BX0904
36005023800,BX1101
36005037504,BX0602
36005045600,BX1202
36005005300,BX0501
36061012602,MN0801
36061015301,MN0701
36061012601,MN0801
36061010801,MN0604
36061023803,MN0801
36061015401,MN0803
36061004002,MN0303
36061002902,MN0301
36061013603,MN0803
36061013201,MN0801
36061013202,MN0801
36061013501,MN0402
36061015101,MN0701
36061012901,MN0402
36061009901,MN0401
36061012902,MN0402
36061007001,MN0603
36061015302,MN0701
36061002901,MN0102
36061007002,MN0603
36061012102,MN0402
36061015501,MN0701
36081094500,QN0701
36081094700,QN0701
36081096400,QN1402
36047062000,BK1503
36081097300,QN0702
36081098100,QN0702
36081098700,QN0702
36081099100,QN0702
36081099200,QN1401
36047080800,BK0902
36081099900,QN0761
36047123700,BK0301
36081112300,QN1102
36081109700,QN1102
36081109900,QN1101
36081112900,QN1102
36081113900,QN1101
36081114100,QN0704
36081029100,QN0301
36081029300,QN0203
36081029500,QN0104
36081029700,QN0104
36081028700,QN0301
36081028900,QN0301
36081029900,QN0171
36081031700,QN0101
36081032000,QN1306
36081032800,QN1305
36081032900,QN0302
36081033000,QN1204
36081033100,QN8081
36081033900,QN0301
36081039400,QN1205
36081039800,QN1205
36081040200,QN1205
36081040400,QN1205
36081041100,QN0402
36081041400,QN1202
36081041500,QN0402
36081042700,QN0402
36081043400,QN1205
36081045000,QN0805
36081045400,QN0805
36081045500,QN0402
36081045600,QN0805
36081044602,QN1201
36081044800,QN0805
36081045800,QN0804
36081046200,QN1201
36081046300,QN0401
36081046400,QN0804
36081046500,QN0401
36081046600,QN0804
36081046700,QN0401
36081046800,QN1201
36081047000,QN1201
36081047100,QN0401
36081047200,QN0804
36081047300,QN0401
36081047500,QN0401
36081004500,QN0105
36081004700,QN0105
36081005000,QN1002
36081005300,QN0103
36081005400,QN1002
36081005800,QN1002
36081006100,QN0103
36081030904,QN0301
36081043702,QN0402
36081044301,QN0402
36081003400,QN0904
36081003900,QN0105
36081003600,QN0904
36081003700,QN0105
36081003800,QN0904
36081004001,QN0904
36081004200,QN0904
36081004300,QN0105
36081077907,QN0801
36081024000,QN1201
36081024300,QN0203
36081077908,QN0801
36081024500,QN0203
36081024900,QN0203
36081025100,QN0203
36081025500,QN0203
36081025700,QN0203
36081097204,QN1402
36081100801,QN1401
36081102900,QN0702
36047021100,BK0203
36081025800,QN1202
36081026000,QN1202
36081026200,QN1202
36081026300,QN0203
36081026600,QN1202
36047048500,BK0104
36081103201,QN1401
36081103202,QN1401
36081103900,QN0702
36081104700,QN0704
36081105900,QN0704
36081027000,QN1202
36081027200,QN1203
36081027400,QN1203
36081027800,QN1203
36081027900,QN0301
36081028000,QN1203
36081028100,QN0301
36081028200,QN1203
36081028400,QN1203
